job_id,job_title,company,location,experience,salary,job_description
1,Data Scientist,TechNova Solutions,Bangalore,2-4 years,12-18 LPA,"Looking for a Data Scientist with strong Python, Pandas, SQL, Machine Learning and Statistics skills. Experience with Scikit-learn and AWS is a plus."
2,Data Scientist,Insight Analytics,Hyderabad,3-5 years,15-22 LPA,"We need a Data Scientist proficient in Python, Machine Learning, Deep Learning, TensorFlow and NLP. SQL and Statistics knowledge required."
3,Data Analyst,MarketPulse Inc,Pune,0-2 years,5-8 LPA,"Hiring a Data Analyst skilled in Excel, SQL and Power BI. Basic Python and Statistics knowledge preferred."
4,Data Analyst,Northwind Retail,Bangalore,1-3 years,6-10 LPA,"Data Analyst role requiring Excel, SQL, Tableau and strong communication skills. Python is a plus."
5,Python Developer,CodeCraft Labs,Chennai,1-3 years,7-12 LPA,"Python Developer needed with Django, FastAPI, SQL and Git experience. Docker knowledge is a bonus."
6,Python Developer,ByteForge,Remote,2-4 years,10-16 LPA,"We are looking for a Python Developer skilled in FastAPI, Docker, AWS and Git for backend development."
7,Full Stack Developer,WebWorks Studio,Bangalore,2-4 years,10-16 LPA,"Full Stack Developer role requiring React, JavaScript, Node.js, SQL and Git."
8,Full Stack Developer,AppSphere,Mumbai,1-3 years,8-14 LPA,"Looking for Full Stack Developer with React, JavaScript, FastAPI, Docker and Git experience."
9,Frontend Developer,PixelCraft,Pune,0-2 years,5-9 LPA,"Frontend Developer needed with strong React and JavaScript skills. Git experience required."
10,Backend Developer,ServerSide Systems,Hyderabad,2-5 years,10-18 LPA,"Backend Developer with FastAPI, Django, SQL, Docker and AWS experience required."
11,Machine Learning Engineer,DeepMind Labs India,Bangalore,3-5 years,18-28 LPA,"Machine Learning Engineer needed with Python, TensorFlow, PyTorch, Deep Learning and Docker experience."
12,Machine Learning Engineer,NeuralWorks,Hyderabad,2-4 years,15-24 LPA,"ML Engineer role requiring Python, Scikit-learn, Machine Learning, Statistics and AWS."
13,AI Engineer,CogniTech,Bangalore,3-6 years,20-32 LPA,"AI Engineer needed with strong NLP, Deep Learning, PyTorch and Python skills. FastAPI for deployment."
14,AI Engineer,FutureAI Corp,Remote,2-5 years,18-28 LPA,"Looking for AI Engineer with Machine Learning, NLP, TensorFlow, Docker and AWS experience."
15,Data Scientist,QuantEdge Analytics,Pune,4-7 years,20-30 LPA,"Senior Data Scientist role requiring Python, Statistics, Machine Learning, Deep Learning, SQL and Power BI."
16,Data Analyst,FinServe Corp,Mumbai,2-4 years,8-13 LPA,"Data Analyst with Excel, SQL, Python, Pandas and Tableau skills needed for financial reporting."
17,Python Developer,ScriptWorks,Chennai,0-2 years,5-9 LPA,"Junior Python Developer with knowledge of Python, Git and basic SQL."
18,Full Stack Developer,CloudBridge Tech,Bangalore,3-6 years,15-24 LPA,"Senior Full Stack Developer with React, Node.js, FastAPI, SQL, Docker and AWS."
19,Machine Learning Engineer,VisionAI,Pune,1-3 years,10-16 LPA,"ML Engineer with Python, Pandas, NumPy, Scikit-learn and Machine Learning experience."
20,Data Scientist,RetailIQ,Hyderabad,1-3 years,9-15 LPA,"Data Scientist with Python, SQL, Pandas, NumPy and Statistics. Excel for reporting."
21,AI Engineer,NextGen Robotics,Bangalore,4-8 years,25-40 LPA,"Lead AI Engineer with Deep Learning, NLP, PyTorch, TensorFlow, Docker, AWS and Python."
22,Backend Developer,DataPipe Systems,Remote,3-5 years,14-22 LPA,"Backend Developer with Python, FastAPI, SQL, Docker, Git and Azure experience."
23,Frontend Developer,DesignHub,Mumbai,1-3 years,6-11 LPA,"Frontend Developer with React, JavaScript and Git. Basic Node.js knowledge helpful."
24,Data Analyst,HealthMetrics,Chennai,0-2 years,5-8 LPA,"Data Analyst role requiring Excel, SQL, Statistics and Power BI for healthcare data."
25,Data Scientist,EduAnalytics,Bangalore,2-4 years,12-19 LPA,"Data Scientist with Python, Machine Learning, NLP, SQL and Statistics for edtech analytics."
